Theme,Code_Name,Merged_Original_Codes,Total_Original_Frequency,Definition,Application_Rules
玩家体验与心理,自主体验,"['自由建造', '实现想法', '从0到1的创造', '掌控感', '完全自由', '高度自由', '极高自由度', '实现任何想法', '自由想象实现', '表达自由', '无边界创作', '自由身份建构', '个体表达']",31,指玩家在创造过程中感受到的，由自我意志主导、不受外部束缚的控制感和自由感。,纳入: 强调行为源于“我”的想法；描述过程的自由、不受限。排除: 仅描述游戏机制的自由度（归入“开放规则”）；强调合作（归入“合作共建”）。
玩家体验与心理,创造快感,"['创造性体验增强', '成就感', '感觉很爽', '很有趣', '兴奋', '完成后有成就感', '过程有趣']",27,指玩家在创造过程或完成创造后，所体验到的愉悦、满足、兴奋和价值感等正面情绪。,纳入: 描述正面的、与创造行为直接相关的情绪和感受。排除: 强调与他人共享的喜悦（归入“情感共鸣”）；带有自我调节的动作。
玩家体验与心理,积极感受,"['喜欢', '沉浸其中', '惊喜', '爽', '好玩', '每日新发现', '真实情感体验', '简化生活', '休闲式创造']",20,指玩家在游戏过程中体验到的比较宽泛的正面情绪、氛围和沉浸感。,纳入: 描述通用的、非特指创造的积极情绪，如“好玩”、“开心”、“悠闲”。排除: 与完成创造直接相关的成就感（归入“创造快感”）。
玩家体验与心理,消极感受,"['挫败感', '不确定性', '不好', '困难', '紧张', '迷茫', '联机的随机性风险', '苦力怕影响心态', '角度限制带来挫败感']",12,指玩家在游戏中遇到的，由挫折、不确定性、困难或恐惧等引发的负面情绪体验。,纳入: 直接描述负面情绪或心理状态。排除: 描述导致负面情绪的具体事件（归入“创造的障碍”或“建造难题”）；描述应对策略。
玩家策略与行为,探索型解难,"['解决问题', '克服困难', '耐心挖掘', '试错', '思考', '探索', '自己摸索', '过程困难但最终解决']",27,指玩家面对问题时，主要依靠自身努力、思考、尝试和坚持来寻找解决方案的策略。,纳入: 强调玩家的内在努力和自主探索过程。排除: 寻求外部现成答案的行为（归入“求助型解难”）。
玩家策略与行为,求助型解难,"['上网查攻略', '查攻略解决', '查找教程学习', 'B站教程学习', '参考博主内容', '寻求帮助', '看教程学习', '查找攻略参考他人', '贴吧教程查找', '求助亲友', '获得同伴帮助', '朋友协作解决', '查视频获取灵感', '社区求助', '博主示例激发灵感']",18,指玩家面对问题时，通过主动寻求外部信息资源（如攻略、教程、他人帮助）来解决问题的策略。,纳入: 明确指向外部信息源（网站、视频、博主、其他玩家）的求助行为。排除: 自主试错和探索（归入“探索型解难”）。
玩家策略与行为,回避型应对,"['遇难即放弃', '问题回避', '独自游戏作为应对', '选择私密联机防风险', '偏好独自游戏']",7,指玩家在面对困难或风险时，选择放弃、逃避或采取预防性隔离的消极/防御性策略。,纳入: 明确表达了放弃、不解决或为避免风险而采取的限制性行为。排除: 积极面对问题（归入其他解难策略）。
玩家策略与行为,模仿与还原,"['先模仿再创造', '现实映射', '一比一世界还原', '现实生态模拟', '现实还原', '仿真呈现', '还原']",8,指玩家在创造时，以现实世界或其他人的作品为蓝本，进行模仿、参考或一比一复刻的行为。,纳入: 强调创造内容有明确的参照物。排除: 完全的原创或无目的的建造（归入“动手创造”）。
玩家策略与行为,动手创造,"['创意建造', '设计', '从0到1的创造', '自由式建造', '动态装置创作', '资源转化建造', '方块构建']",24,指玩家将想法转化为实体，进行从无到有的设计、实验和建造的核心创造行为。,纳入: 描述具体的、从无到有的建造和设计动作。排除: 有明确模仿对象的建造（归入“模仿与还原”）。
游戏系统与特征,开放规则,"['机制 (高自由度)', '没有限制', '可能性', '系统 (底层逻辑简单)', '游戏设计哲学 (自由与限制的平衡)', '沙盒游戏', '无限可玩性', '想象力唯一限制']",26,指游戏在核心机制和规则层面的设计特性，即提供简单、宽松、非线性的规则，从而涌现出丰富的可能性。,纳入: 描述游戏系统本身的、宏观的规则和特性。排除: 玩家对规则的主观感受（归入“自主体验”）。
游戏系统与特征,丰富资源,"['丰富的元素', '一切皆可建造', '自定义', '机制 (方块多样性与可塑性)', '机制 (内容更新/新方块)', '机制 (Mod支持)', 'mod扩展性', '无限材料', '系统丰富']",28,指游戏为玩家提供的，用于创造的物料、元素和工具的多样性、可及性和可修改性。,纳入: 描述游戏提供的具体“内容”、“材料”和扩展能力。排除: 描述游戏的宏观规则（归入“开放规则”）。
游戏系统与特征,拟真机制,"['物理引擎', '电路系统', '机制 (可交互实体)', '动态结构']",7,指游戏中提供的、遵循特定逻辑（如物理、电路）的、可供玩家利用和创造的复杂交互系统。,纳入: 描述游戏中具体的、具有内在逻辑的子系统。排除: 描述游戏整体的自由度（归入“开放规则”）。
社交互动,合作共建,"['一起玩', '合作建造', '交流', '联机建造', '分工合作', '共同生存', '合作创造', '共建进展']",26,指玩家为了共同的生产或建设目标，一起进行游戏和创造的直接互动行为。,纳入: 必须是两人或以上的、带有明确建设性或生产性目标的同步互动行为。排除: 纯粹为了趣味或情感的互动。
社交互动,趣味互动,"['恶作互动', '互动趣味']",10,指玩家之间非功利性的、以获得乐趣、开玩笑或进行友好挑衅为目的的嬉戏行为。,纳入: 强调互动的“玩乐”属性，如开玩笑、整蛊、友好竞争。排除: 以合作为目的的行为（归入“合作共建”）。
社交互动,情感共鸣,"['成就喜悦', '合作打怪', '孤独感减少', '共同体验']",16,指玩家在共同经历中产生的情感连接、集体记忆和归属感。,纳入: 描述因共同经历（无论合作、战斗还是陪伴）而产生的正面情感联结。排除: 纯粹的玩乐行为（归入“趣味互动”）。
社交互动,分享与学习,"['分享', '展示', '带入体验', '强调体验本身', '寻求反馈', '寻求帮助', '联机学习']",11,指玩家将自己的作品/过程作为社交媒介进行展示，或在社交中获取信息、反馈与技能。,纳入: 强调以“信息传递”为核心的社交行为，无论是单向（展示）还是双向（求助）。排除: 纯粹的合作或玩乐。
创造的障碍,建造难题,"['红石机制理解困难', '红石装置效果不佳', '材料配方不明确', '水流引导难题', '结构稳定性问题', '瀑布电梯难题', '细节设计困难', '建筑细节难题', '楼梯结构建造难', '自动装置理解困难']",10,指玩家在尝试实现具体的设计或功能时，因自身技能、知识不足或游戏机制复杂性而遇到的技术性困难。,纳入: 描述具体的、技术性的建造或设计障碍。排除: 描述宏观的、非技术性的限制（归入“环境限制”）。
创造的障碍,环境限制,"['地形机制干扰', '资源获取受限', '物资匮乏限制创造', '操作流程复杂', '合成系统繁琐', '地图探索强制', '资源获取成本高', '缺乏传送机制', '天气系统影响', '方块尺寸限制', '方块拼接不灵活', '角度建构限制', '生存模式限制创意']",16,指由游戏的基础设定（如资源分布、生存规则、物理限制）给玩家的创造活动带来的客观限制和阻碍。,纳入: 描述由游戏“规则”或“设定”带来的普遍性限制。排除: 描述玩家可主动克服的技术难题（归入“建造难题”）。
创造的障碍,外部干扰,"['怪物破坏建筑', '怪物干扰建造', '频繁战斗打断创造', '高空施工问题', '小怪频繁攻击', '夜间怪物打扰', '苦力怕干扰建造', '联机被破坏', '意见不合破坏合作', '联机玩家破坏行为']",12,指由游戏中不可控的动态实体（如怪物、其他玩家）或环境风险给玩家的创造过程带来的直接打断和破坏。,纳入: 描述来自怪物、其他玩家或环境风险（如高空摔落）的突发性干扰。排除: 描述游戏固有的、静态的规则限制（归入“环境限制”）。